<?xml version="1.0" encoding="UTF-8"?>
<tns:MappingTemplate xmlns:tns="http://www.nationwide.co.uk/NEMDC/Tools/MappingTemplate" xmlns:xsi="http://www.w3.org/2001/XMLSchema-instance" xsi:schemaLocation="http://www.nationwide.co.uk/NEMDC/Tools/MappingTemplate MappingTemplate.xsd ">
  <tns:ServiceOperation>???AddOperationName???</tns:ServiceOperation>
  <tns:MappingOperation>???AddMappingOperationName???</tns:MappingOperation>
  <tns:Class>
    <tns:ClassKey>$$$TARGETCLASSKEY$$$</tns:ClassKey>
    <tns:ClassURL>$$$TARGETCLASSURL$$$</tns:ClassURL>
    <tns:External>true/false</tns:External>
  </tns:Class>
   <tns:Class>
    <tns:ClassKey>???Add source key???</tns:ClassKey>
    <tns:ClassURL>???Add source URL???</tns:ClassURL>
    <tns:External>true/false</tns:External>
  </tns:Class>
  $$$TARGETS$$$
</tns:MappingTemplate>
