<?xml version="1.0" encoding="UTF-8"?>
<feature
      id="NEMMappingTools"
      label="NEMMappingTools"
      version="1.0.0.qualifier">

   <description url="http://www.example.com/description">
      NEM Mapping Tools
   </description>

   <copyright url="http://www.example.com/copyright">
      [Enter Copyright Description here.]
   </copyright>

   <license url="http://www.example.com/license">
      [Enter License Description here.]
   </license>

   <requires>
      <import plugin="org.eclipse.ui"/>
      <import plugin="org.eclipse.core.runtime"/>
      <import plugin="org.eclipse.core.resources"/>
      <import plugin="org.eclipse.uml2" version="3.0.0" match="greaterOrEqual"/>
      <import plugin="org.eclipse.emf" version="2.6.0" match="greaterOrEqual"/>
      <import plugin="org.eclipse.uml2.common" version="1.5.0" match="greaterOrEqual"/>
      <import plugin="org.eclipse.uml2.uml" version="3.1.2" match="greaterOrEqual"/>
      <import plugin="com.ibm.xtools.uml.navigator" version="7.60.500" match="greaterOrEqual"/>
      <import plugin="org.eclipse.core.expressions" version="3.4.401" match="greaterOrEqual"/>
      <import plugin="com.ibm.xtools.modeler.ui" version="7.60.700" match="greaterOrEqual"/>
   </requires>

   <plugin
         id="ToolsForMapping"
         download-size="0"
         install-size="0"
         version="0.0.0"
         unpack="false"/>

</feature>
